"item_code","stock_flg","name","url","comment","img_url","category","area","content","content_date","weight"
"lime-resort-hakone","2","LIME RESORT HAKONE","https://co-mit.jp/facility/lime-resort-hakone/"," Co-creative Retreat合宿型コミュニケーション空間で価値共創の瞬間を","","ホテル:::神奈川県箱根町","神奈川県箱根町","(2020年10月1日開業予定)
ご到着からご出発まで、プライベート別荘のような感覚でご利用いただけるよう、お食事・お飲み物からミーティング等で必要な設備一式までをオールインクルーシブのスタイルで提供します。コロナ禍でリモートワークを経験しながらも改めて気づいた仲間たちとのかけがえのない時間と”旅に出たい！”という欲求を満たす場所として、屋内外のスペースを思い思いのシーンに合わせて自由にご利用いただけます:null:null:null:null:null:ミーティングスペースだけでなく、中庭や暖炉などがコミュニケーション空間としてデザインされており、まさに合宿研修のための洗練された施設です。貸し切りも可能で、ビジョン共有やチームビルディングにも最適です。","2021-05-28","30"
"hotelfruitflower","2","神戸ホテルフルーツ・フラワー","https://co-mit.jp/facility/hotelfruitflower/","森に囲まれた自然の中で、会議・セミナーだけでなく、バーベキューもお楽しみいただけます。","","ホテル:BBQ:オフサイトミーティング:チームビルディング:プール:フィットネス:リゾート:大浴場・温泉:山:新入社員:駐車場:いつもと違った環境で研修したい:モチベーションが上がる環境で研修したい:兵庫県神戸市","兵庫県神戸市","神戸･三宮から30分、大阪･梅田から60分、ICすぐの好アクセス。
複数の宴会場があるので、会議後すぐに別会場で宴会を始めることがきます。
また、天然温泉や手ぶらで利用できるバーベキュー場も完備と充実の設備。
会席、バイキング、バーベキューと連泊での利用でも飽きることなくご滞在いただけます。:null:null:null:null:null:異国情緒あふれる特別感のある施設。アクティビティが豊富で、BBQは1500名規模もOKです！天井の高い会場も多く、温泉が充実するなどリラックスしながらお過ごしいただけるでしょう。","2019-08-28","30"
"gardennarita","2","インターナショナルガーデンホテル成田（成果報酬プランテスト）","https://co-mit.jp/facility/gardennarita/","心地よい静けさに包まれた緑ゆたかなガーデンホテル、Wifiが全館無料でご利用いただけます。","https://co-mit.s-cross.net/images/2019/08/img_slider04.jpg","ホテル:ゴルフ場隣接:チームビルディング:フィットネス:ランドリー:大浴場・温泉:山:新入社員:駐車場:インセンティブ旅行を兼ねて研修したい:集中できる環境で研修したい:千葉県成田市","千葉県成田市","ホテルから成田空港間でシャトルバスが運行しているガーデンホテル成田。
都心からも1時間で移動できるので、ビジネスでのご利用はもちろん、東京観光にも最適なロケーションです。朝食、ランチ、ディナーをご提供するレストランAVANTIはイタリアンをテーマにしたカジュアルスタイルのレストランです。緑豊かなガーデンホテルでおくつろぎください。:null:null:null:null:null:シングル希望のお客様はかなりゆったりと過ごして頂けます。
会議室は1フロアに集中していますので、全体会場、分科会場の移動もスムーズです。","2019-07-22","20"
"hiltonnarita","2","ヒルトン成田（成果報酬プランテスト）","https://co-mit.jp/facility/hiltonnarita/","成田空港から10分の距離に立地し、海外からも国内各地からも集合しやすい便利な立地です。","https://co-mit.s-cross.net/images/2019/08/img_meal01-e1582167663229.jpg","ホテル:エグゼクティブ:ゴルフ場隣接:チームビルディング:プール:フィットネス:山:無料送迎あり:インセンティブ旅行を兼ねて研修したい:集中できる環境で研修したい:千葉県成田市","千葉県成田市","最大1,100名様収容可能な大宴会場をはじめ、中小あわせ18の宴会場を備えたヒルトン成田は、メイン会場と同時に複数の分科会場のご手配が可能です。
大型貨物リフトを備えた大宴会場では、自動車の展示や宝飾品の展示会にも適します。
また成田空港の第一滑走路を展望する最上階の宴会場は各種パーティーや結団式にも最適。:null:null:null:null:null:首都圏の隠れたMICE施設集結地の成田市で、18の会場を備えています。新入社員研修・教育研修・勉強合宿など目的に応じた研修会場として多種多様なお客様の受け入れ実績があります。","2019-07-22","20"
"kyotoeminence","2","ホテル京都エミナース","https://co-mit.jp/facility/kyotoeminence/","京都市内にありながら、天然温泉と静かなロケーションでお過ごしいただけます。","","ホテル:チームビルディング:会場天井３ｍ以上:大人数可:新入社員:観光:駐車場:いつもと違った環境で研修したい:インセンティブ旅行を兼ねて研修したい:京都府京都市","京都府京都市","京都市内では貴重な天然温泉の大規模温浴施設と大小様々な会場があり、多様なご要望にお応えいたします。:null:null:null:null:null:市街の喧騒から離れた京都洛西、嵐山に近いロケーション。古の町京都で珍しい和風宴会場、客室を持っています。天然温泉の大規模温浴も魅力です。","2019-07-02","30"
"anacrowneplazanarita","2","ANAクラウンプラザホテル成田（成果報酬プランテスト）","https://co-mit.jp/facility/anacrowneplazanarita/","日本の空の玄関口「成田国際空港」から至近距離に位置し 国内外から便利で快適なアクセスです。","https://co-mit.s-cross.net/images/2019/08/img_meal01-e1582167663229.jpg","ホテル:エグゼクティブ:ゴルフ場隣接:フィットネス:ランドリー:会場バリエーション豊富:会場天井３ｍ以上:山:無料送迎あり:長期研修:開発合宿:駐車場:インセンティブ旅行を兼ねて研修したい:集中できる環境で研修したい:千葉県成田市","千葉県成田市","近隣には成田山新勝寺、ゴルフ場、レジャー施設が点在しております。
ご滞在を心から楽しんで頂くために、心くばりをほどこしたゲストルーム、様々なシーンに合わせてご利用いただけるレストラン、24時間ルームサービスなどをご用意しております。各種パーティ、国際会議、展示会、などに対応可能な宴会場をはじめ、ヘルスクラブやフットサルコートなど多彩な空間を楽しみ、ご体験頂けます。きめこまやかなサービスで安らぎと上質なホスピタリティをお約束いたします。:null:null:null:null:null:会場が1フロアに集中していたり、全室20㎡の広々とした客室です。ホテルサービスがありながら、ラグビー観戦やキャンプをテーマにしたプランなどもある積極的な施設です。","2019-06-26","20"
"oursinnhankyu","2","アワーズイン阪急","https://co-mit.jp/facility/oursinnhankyu/","品川駅から1駅、駅から1分。大井町駅前 全1100室シングルルームのビジネスホテル。","https://co-mit.s-cross.net/images/2019/08/img_meal02-e1582167615461.jpg","ホテル:大浴場・温泉:専門スタッフ:新入社員:都内からのアクセス良い:駅近:駐車場:モチベーションが上がる環境で研修したい:集中できる環境で研修したい:東京都品川区","東京都品川区","品川駅から1駅、駅から1分。大井町駅前 全1100室シングルルームのビジネスホテル。
禁煙室、女性専用フロアあり。2014年3月、ツインルームのみ全288室のツイン館が新たにオープン。:null:null:null:null:null:1フロアに大小様々な会場があり、面談・控室など用途に合わせて使うことができます。会場は蛍光灯で目に優しい研修環境が整っています！きめ細やかな安心なスタッフ対応でリピーターも多い施設です。","2019-06-11","30"
"marroadhanno","2","マロウドイン飯能","https://co-mit.jp/facility/marroadhanno/","200名規模の宴会を行える会場があり、天井高も5ｍ以上と開放的な空間で、研修会場としてもご利用頂けます。","","ホテル:ゴルフ場隣接:会場バリエーション豊富:会場天井３ｍ以上:新入社員:研修パックあり:駅近:駐車場:モチベーションが上がる環境で研修したい:集中できる環境で研修したい:埼玉県飯能市","埼玉県飯能市","東飯能駅より徒歩5分のシティホテル。ビジネスや観光の拠点としてご宿泊はもちろん、レストラン、宴会場、会議室もあり各種お集まりや打ち合わせに幅広くご利用いただけます。:null:null:null:null:null:null","2019-05-28","30"
"marroadkumagaya","2","マロウドイン熊谷","https://co-mit.jp/facility/marroadkumagaya/","都内からもアクセスのよいJR熊谷駅から徒歩10分圏内のホテルです。","","ホテル:ゴルフ場隣接:会場バリエーション豊富:会場天井３ｍ以上:新入社員:研修パックあり:駅近:駐車場:いつもと違った環境で研修したい:集中できる環境で研修したい:埼玉県熊谷市","埼玉県熊谷市","宴会会議室は大小8会場、中国料理レストラン・洋食レストランもあり、長期での研修でもバリエーション豊かな食事提供が可能です。また、着席の懇親会や立食のパーティー形式など様々なシーンでも対応いたします。
お気軽にご相談ください。:null:null:null:null:null:null","2019-05-28","30"
"marroadtsukuba","2","ホテルマロウド筑波","https://co-mit.jp/facility/marroadtsukuba/","JR土浦駅より徒歩約10分のシティホテル、会場を多く所有し幅広くご利用いただけます。","","ホテル:ゴルフ場隣接:プール:フィットネス:会場バリエーション豊富:会場天井３ｍ以上:大人数可:新入社員:研修パックあり:駅近:駐車場:いつもと違った環境で研修したい:集中できる環境で研修したい:茨城県土浦市","茨城県土浦市","都心からも好アクセス！
県内最大級のホテルとなり、団体宿泊はもちろん大小10会場を兼ね備えており、会議はもちろん、懇親会やパーティーにもご利用いただけます。お気軽にお問合せください。:null:null:null:null:null:天井高6.0mの会場があります。大型車も駐車可能な駐車場やスポーツセンターが併設されており、アクティブにしたいご研修に最適でしょう。中華料理がオススメです！","2019-05-28","30"
"marroadnarita","2","マロウドインターナショナルホテル成田（ライトプラン）","https://co-mit.jp/facility/marroadnarita/","成田空港より当ホテルシャトルバスで約10分。800室を誇る客室の他、宴会場、会議室もあり幅広くご利用頂けます。","","ホテル:オフサイトミーティング:ゴルフ場隣接:チームビルディング:プール:フィットネス:会場バリエーション豊富:会場天井３ｍ以上:大人数可:山:新入社員:研修パックあり:駐車場:モチベーションが上がる環境で研修したい:集中できる環境で研修したい:千葉県成田市","千葉県成田市","成田空港より当ホテルシャトルバスで約10分。
マロウドインターナショナルホテル成田は800室を誇る客室の他、宴会場、会議室もあり各種お集まりやセミナー等に幅広くご利用頂けます。:null:null:null:null:null:800室もある客室は成田地区最大級を誇ります！学生団体やオリエンテーションなど幅広くい層からの使用実績があり、豊富な経験とバランスのとれた食事メニューで研修をサポートしてくれます。","2019-05-28","10"
"arthotelishigakijima","2","アートホテル石垣島（プレミアムポジション）","https://co-mit.jp/facility/arthotelishigakijima/","独特な文化や自然が色濃く残る南国･石垣島にある、多様な会場･レストラン･駐車場完備のホテルです。","https://co-mit.s-cross.net/images/2019/08/img_stay06-e1582167723670.jpg","ホテル:アクティビティ:オフサイトミーティング:チームビルディング:プール:リゾート:会場バリエーション豊富:大浴場・温泉:海:観光:長期研修:開発合宿:いつもと違った環境で研修したい:インセンティブ旅行を兼ねて研修したい:沖縄県石垣市","沖縄県石垣市","石垣島は沖縄県の南方、八重山諸島にある、他の島々への玄関口です。
サンゴ礁の美しい海に囲まれた島には亜熱帯の動植物が生息し、太陽や大地、生き物の力強さを感じられます。アートホテル石垣島は多くの会場を備え、客室、レストラン、カフェ・バー、大浴場、スパなど施設が充実。繁華街や港まで車で10分以内とアクセス面でも好立地で、観光やアクティビティ、体験ツアーも手配可能。
参加される皆様の心に残るMICEプランをトータルサポートいたします。:null:null:null:null:null:180度パノラマ絶景のカプリコン。
普段はレストランやバーですが調整すれば会議も可能です。
お料理に力をいれていて、お料理が決め手でリピーターするお客様もいらっしゃいます！","2019-05-20","30"
"mystaysutsunomiya","2","ホテルマイステイズ宇都宮","https://co-mit.jp/facility/mystaysutsunomiya/","ホテルマイステイズ宇都宮は、美しい栃木を快適にお楽しみいただくためのすべてが揃った理想的な宇都宮のホテルです。","","ホテル:オフサイトミーティング:会場バリエーション豊富:会場天井３ｍ以上:大人数可:新入社員:観光:駅近:モチベーションが上がる環境で研修したい:集中できる環境で研修したい:栃木県宇都宮市","栃木県宇都宮市","ホテルマイステイズ宇都宮は、美しい栃木を快適にお楽しみいただくためのすべてが揃った理想的な宇都宮のホテルです。モダンなデザインと素晴らしいロケーションを誇る当ホテルは、宇都宮観光に最適です。JR宇都宮駅近くの便利なエリアにあるため、東京から新幹線でお越しのお客様には最高のロケーションです。東京から宇都宮までは50分でアクセスできます。:null:null:null:null:null:JR宇都宮駅より徒歩3分の好立地。11階のグランドボールルームは天井高9mと開放感が魅力の空間。シアター形式で430名まで収容でき、研修はもちろん、イベントやパーティーに最適です。","2019-05-20","30"
"arthotelmorioka","2","アートホテル盛岡（ライトプラン）","https://co-mit.jp/facility/arthotelmorioka/","盛岡駅から徒歩7分、好アクセス好立地のホテルです。","https://co-mit.s-cross.net/images/2019/08/img_slider03-2.jpg","ホテル:オフサイトミーティング:ゴルフ場隣接:会場バリエーション豊富:会場天井３ｍ以上:新入社員:観光:駅近:インセンティブ旅行を兼ねて研修したい:モチベーションが上がる環境で研修したい:岩手県盛岡市","岩手県盛岡市","「盛岡」駅から徒歩7分、観光・ビジネスの拠点に。
ビルなどが立ち並び都市の顔を見せながらも、岩手山と北上川が織りなす美しい風景を楽しめる盛岡。JR「盛岡」駅東口から徒歩7分の当ホテルは、市内の観光・ビジネスはもちろん、岩手県内をめぐるのに便利な立地にあります。:null:null:null:null:null:null","2019-05-20","10"
"arthotelasahikawa","2","アートホテル旭川（ライトプラン）","https://co-mit.jp/facility/arthotelasahikawa/","JR旭川駅（北口）から車で5分、徒歩約15分。 緑道にそって建つ閑静な美しさに利便性と都市機能が融合したホテルです。","https://co-mit.s-cross.net/images/2019/08/img_stay06-e1582167723670.jpg","ホテル:360°パノラマビュー:オフサイトミーティング:ゴルフ場隣接:会場天井３ｍ以上:大人数可:新入社員:無料送迎あり:観光:いつもと違った環境で研修したい:インセンティブ旅行を兼ねて研修したい:北海道旭川市","北海道旭川市","北海道のアートホテル旭川は、上質の快適さと格別のおもてなしでお客様をお迎えしております。喧噪から離れた安らぎをお求めのお客様に安息の時間をお約束します。
当ホテルは、自然豊かなホットスポットで癒されたい方には最適のロケーションにあります。しかも、北海道第二の大都市である旭川の便利さも同時に満喫できます。:null:null:null:null:null:null","2019-05-20","10"
"mystayskagoshima","2","ホテルマイステイズ鹿児島天文館","https://co-mit.jp/facility/mystayskagoshima/","2018年3月にリブランドオープン！ 繁華街・天文館に近く、観光から出張、会議、宴会まであらゆるシーンに対応。","","ホテル:オフサイトミーティング:会場バリエーション豊富:新入社員:観光:駅近:いつもと違った環境で研修したい:インセンティブ旅行を兼ねて研修したい:鹿児島県鹿児島市","鹿児島県鹿児島市","鹿児島初のマイステイズブランドとして、2018年3月20日リブランドオープン！
JR鹿児島中央駅からは、市電で高見馬場駅に下車し徒歩2分です。
鹿児島空港からは、バスで50分の天文館に下車し徒歩3分。
繁華街・天文館に近く、観光から出張、会議、宴会まであらゆるシーンに対応。:null:null:null:null:null:研修に適した大きさの会場が複数あり分割も可能です。繁華街にある好アクセスを活かし、会議後は天文館通りにグルメを楽しむのもよいかもしれません。","2019-05-20","30"
"mystaysmatsuyama","2","ホテルマイステイズ松山","https://co-mit.jp/facility/mystaysmatsuyama/","松山市の中心部、JR松山駅から徒歩8分、伊予鉄松山市駅からも 徒歩9分の場所に位置するホテルです。","","ホテル:オフサイトミーティング:会場バリエーション豊富:新入社員:窓付き会議室:観光:長期研修:駅近:いつもと違った環境で研修したい:インセンティブ旅行を兼ねて研修したい:愛媛県松山市","愛媛県松山市","松山市の中心部、JR松山駅から徒歩8分、伊予鉄松山市駅からも徒歩9分の場所に位置するホテルマイステイズ松山は、ビジネスにも観光にも抜群の利便性を誇ります。
勝山（標高132m）にそびえ立つ松山城からほど近く、客室の一部とレストランからは、美しい緑の森を映すお堀と路面電車の往来を眺めることができます。ダブルルームを中心とした客室は、松山城を一望する客室も。ツインルームやトリプルルーム、和室など客室タイプも多彩です。:null:null:null:null:null:城山公園の堀端に面した宴会場は松山城をうかがえ、懇親会にも最適です。会議に適した複数の会場があり大変使い勝手が良いです。道後温泉などの観光地が近いことも魅力です！","2019-05-20","30"
"mystaysshinosaka","2","マイステイズ新大阪コンファレンスセンター","https://co-mit.jp/facility/mystaysshinosaka/","関西での会議・セミナーは新大阪駅徒歩5分でスムーズに。新幹線のターミナルであるJR「新大阪」駅より徒歩5分。","","ホテル:360°パノラマビュー:会場バリエーション豊富:会場天井３ｍ以上:新入社員:長期研修:駅近:モチベーションが上がる環境で研修したい:集中できる環境で研修したい:大阪府大阪市","大阪府大阪市","ホテル2階と4階がコンファレンスセンターになっており直通階段で直結。
フロアをまたぐ別会場への移動もスムーズです。セミナーや会議はもちろん、資格試験、展示会などにも最適な空間です。他に大小15の会議室や宴会場をご用意。「セミナー＆パーティープラン」など、ホテルシェフによるお料理をご提供するプランも好評です。:null:null:null:null:null:小会場・中会場を集めた4階。同じ大きさの会場が並んだ環境は、グループ討議などに最適です。","2019-05-20","30"
"mystaysgotanda","2","ホテルマイステイズ五反田駅前　（プレミアムポジション枠）","https://co-mit.jp/facility/mystaysgotanda/","東京での貴重な時間を無駄にしたくないお客様は、迷わずホテルマイステイズ五反田駅前をお選びください。","","ホテル:新入社員:都内からのアクセス良い:駅近:モチベーションが上がる環境で研修したい:集中できる環境で研修したい:東京都品川区","東京都品川区","山手線の主要駅から1分足らずのホテルマイステイズ五反田駅前。
都心にあるため利便性が高く、東京巡りを一段と簡単なものにしてくれます。
渋谷駅からわずか9分、東京駅からは16分の距離にあります。
桜田通りに面する好立地により、品川、東京タワー、皇居へのアクセスも簡単です。:null:null:null:null:null:五反田駅目の前の好立地にあります。会場数が少ないため集中してご研修ができます。1階のコンビニや朝・昼・夜に営業しているレストランは大変便利です。","2019-05-20","30"
"arthotelniigata","2","アートホテル新潟駅前（ライトプラン）","https://co-mit.jp/facility/arthotelniigata/","JR新潟駅直の結好アクセスでビジネスの拠点として 最適なアクセス環境です。","https://co-mit.s-cross.net/images/2019/08/img_service02.jpg","ホテル:リゾート:会場バリエーション豊富:会場天井３ｍ以上:大人数可:新入社員:観光:長期研修:駅近:いつもと違った環境で研修したい:インセンティブ旅行を兼ねて研修したい:新潟県新潟市","新潟県新潟市","新潟駅南口直結の好ロケーション。
大小6つの会場を設け、会議、研修、ご宴会をトータルにサポートします。:null:null:null:null:null:新潟駅南口直結の好ロケーション。
大小6つの会場を設け、会議、研修、ご宴会をトータルにサポートします。","2019-05-20","10"
"mystaysgoryokaku","2","ホテルマイステイズ函館五稜郭","https://co-mit.jp/facility/mystaysgoryokaku/","函館湾岸に位置し、極上の自然、文化、食が揃ったホテルです。","","ホテル:チームビルディング:新入社員:観光:長期研修:いつもと違った環境で研修したい:集中できる環境で研修したい:北海道函館市","北海道函館市","北海道屈指の観光都市・函館の繁華街にある当ホテルは、ビジネスや観光の拠点に便利な立地にあります。函館空港から車で15分、JR函館駅から車で10分。歴史の舞台として名を馳せる五稜郭エリアにあり、周辺には居酒屋、焼肉店、割烹など多彩な飲食店があります。煌びやかなネオンに誘われて北海道グルメを楽しんではいかがでしょう。:null:null:null:null:null:null","2019-05-20","30"
"hakodatekokusai","1","非公開: 函館国際ホテル","https://co-mit.jp/facility/hakodatekokusai/","施設のPR文が入ります。施設のPR文が入ります。施設のPR文が入ります。施設のPR文が入ります。","","ホテル::いつもと違った環境で研修したい:インセンティブ旅行を兼ねて研修したい:北海道函館市","北海道函館市","null:null:null:null:null:null:null","2019-05-20","30"
"osakabaytower","2","アートホテル大阪ベイタワー（ライトプラン）","https://co-mit.jp/facility/osakabaytower/","大阪屈指の夜景のきれいなアートホテル大阪ベイタワー。 関西国際空港からもJRでワンアクセス。","https://co-mit.s-cross.net/images/2019/08/img_meal03.jpg","ホテル:360°パノラマビュー:エグゼクティブ:会場バリエーション豊富:会場天井３ｍ以上:大浴場・温泉:駅近:モチベーションが上がる環境で研修したい:集中できる環境で研修したい:大阪府大阪市","大阪府大阪市","大阪屈指の夜景のきれいなアートホテル大阪ベイタワー。
関西国際空港からもJRでワンアクセス。JR大阪環状線・大阪メトロ中央線「弁天町駅」直結と便利。  市内最大級の1,300名収容のアートグランドボールルームや、天空に集うをコンセプトにしたスカイバンケットルーム。3階は会議・セミナーに特化したコンファレンスフロアを新設。スタイリッシュな空間と最新の設備でビジネスシーンなど幅広いご要望にお応えいたします。  :null:null:null:null:null:研修専門フロアで静かな環境に加えて大阪市内を一望できる客室や温浴施設も隣接し、充実した研修が実施できます。","2019-05-20","10"
"mystaysnarita","2","ホテルマイステイズ プレミア成田","https://co-mit.jp/facility/mystaysnarita/","訪れる人すべてを温かく包み込む、 地域最大級のホテルです。","https://co-mit.s-cross.net/images/2019/08/img_slider05.jpg","ホテル:360°パノラマビュー:ゴルフ場隣接:チームビルディング:ランドリー:会場天井３ｍ以上:大人数可:山:無料送迎あり:窓付き会議室:長期研修:駐車場:いつもと違った環境で研修したい:集中できる環境で研修したい:千葉県成田市","千葉県成田市","成田市内を見晴らす高台に、2018年2月リブランドオープン。
日本の空の玄関にふさわしい「集う」「泊まる」「食べる」「寛ぐ」が和したホテル。
海外のゲストから地元のお客様まで、さまざまな人が出会い、ふれ合い、笑顔が広がっていく。地域最大級のホテルとして、訪れる人すべてを温かく包み込みます。:null:null:null:null:null:ホワイエに面した開放感のある日本庭園にはテラスがあり、研修の合間に気分転換ができます。 研修のお食事もホテルの自前シェフが用意してくれるので大変美味しいです！","2019-05-20","30"
"mystaysshinurayasu","2","マイステイズ新浦安 コンファレンスセンター","https://co-mit.jp/facility/mystaysshinurayasu/","首都圏での活動に最適な立地で ビジネスに刺激を与えるハイスペックなホテルです。","","ホテル:360°パノラマビュー:会場バリエーション豊富:会場天井３ｍ以上:新入社員:窓付き会議室:都内からのアクセス良い:長期研修:駐車場:モチベーションが上がる環境で研修したい:集中できる環境で研修したい:千葉県浦安市","千葉県浦安市","ビジネスに刺激を与え、レジャーにくつろぎをもたらすハイスペックなホテル。
マイステイズ新浦安コンファレンスセンターは、ご家族連れのお客様にもビジネスのお客様にもご満足いただける、首都圏でのご旅行に最適なホテルです。:null:null:null:null:null:会議フロアがあり、静かな環境で研修ができます。料理の評判もよく、研修受講性に人気の施設です。
専門のスタッフが柔軟な対応でサポートしてくれます。","2019-05-20","30"
"epinardnasu","2","ホテルエピナール那須","https://co-mit.jp/facility/epinardnasu/","季節ごとの景観豊かな那須高原にてサービス・施設面で満足度の高い『MICE』をサポートいたします。  ","https://co-mit.s-cross.net/images/2019/08/img_meal02-e1582167615461.jpg","ホテル:アクティビティ:オフサイトミーティング:ゴルフ場隣接:チームビルディング:プール:リゾート:大人数可:大浴場・温泉:山:新入社員:開発合宿:駐車場:いつもと違った環境で研修したい:インセンティブ旅行を兼ねて研修したい:栃木県那須郡","栃木県那須郡","那須高原の自然に囲まれ温泉やプールなどの施設やネイチャーツアーなどのアクティビティーが充実した高級リゾートホテル。那須ガーデンアウトレットからも便利なアクセス。:null:null:null:null:null:往復交通費を掛けても都心のホテルよりリーズナブルに研修を実施可能。日常とは異なる大自然のロケーションが、新たな発想を生み出すことができる開放的な研修につながります。","2019-05-20","30"
"asnotest","1","非公開: アスノリゾート<検証用>","https://co-mit.jp/facility/asnotest/","施設のPR文が入ります。施設のPR文が入ります。施設のPR文が入ります。施設のPR文が入ります。","","ホテル:::東京都港区","東京都港区","施設のPR文が入ります。施設のPR文が入ります。施設のPR文が入ります。施設のPR文が入ります。施設のPR文が入ります。施設のPR文が入ります。施設のPR文が入ります。施設のPR文が入ります。施設のPR文が入ります。施設のPR文が入ります。施設のPR文が入ります。施設のPR文が入ります。:null:null:null:null:null:null","2019-05-16","30"
"xwavefunabashi","2","セミナーハウス　クロス・ウェーブ船橋","https://co-mit.jp/facility/xwavefunabashi/","東京駅から25分、京成線・総武線沿線で使い勝手のよい研修施設。","https://co-mit.s-cross.net/images/2019/08/img_service02.jpg","研修施設:エグゼクティブ:ランドリー:会場バリエーション豊富:専門スタッフ:新入社員:長期研修:駅近:モチベーションが上がる環境で研修したい:集中できる環境で研修したい:千葉県船橋市","千葉県船橋市","クロス・ウェーブ船橋は、東京駅から約25分、総武線・京成線沿線の使い勝手のよい研修施設。中小規模にも対応したバラエティに富んだ研修室を備えています。
サウナ付き大浴場も魅力のひとつ。
:null:null:null:null:null:オリックスグループの研修専門施設です。
専門施設ならではの充実した設備と専任のコーディネーターによる手厚いサポートが魅力です。","2019-05-16","30"
"xwaveumeda","2","セミナーハウス　クロス・ウェーブ梅田","https://co-mit.jp/facility/xwaveumeda/","大阪・梅田駅から徒歩約15分、充実した設備と世界の都市をテーマにしたルーム構成の研修施設。","https://co-mit.s-cross.net/images/2019/08/img_slider03-2.jpg","研修施設:エグゼクティブ:ランドリー:会場バリエーション豊富:専門スタッフ:新入社員:長期研修:駅近:モチベーションが上がる環境で研修したい:集中できる環境で研修したい:大阪府大阪市","大阪府大阪市","クロス・ウェーブ梅田は、大阪駅から徒歩15分、充実した設備と世界の都市をテーマにしたルーム構成の研修施設。関西圏のフラッグシップ施設として、妥協を許さない「こだわり」が凝縮しています。:null:null:null:null:null:小討議室はイギリス・ロンドンなどのコンセプトに合わせたデザイン。リピートして何度使用しても楽しいでしょう。大阪の中心でスマートに研修ができます。","2019-05-16","30"
"xwavefuchu","2","セミナーハウス　クロス・ウェーブ府中","https://co-mit.jp/facility/xwavefuchu/","東京駅・新宿駅から好アクセス。最大456名収容の大ホールと駐車場、開放的な宿泊研修施設。","https://co-mit.s-cross.net/images/2019/08/img_slider05.jpg","研修施設:エグゼクティブ:ランドリー:会場バリエーション豊富:会場天井３ｍ以上:大人数可:専門スタッフ:新入社員:長期研修:駐車場:モチベーションが上がる環境で研修したい:集中できる環境で研修したい:東京都府中市","東京都府中市","クロス・ウェーブ府中は、最大456名収容の大ホールと駐車場のある大型研修施設です。
新宿からアクセス良好な立地で、宿泊研修・セミナー会場・会議室などにもご活用いただけます。:null:null:null:null:null:研修専門の施設なので、旅行客やインバウンド客がいません。
OAルームも大変充実しています！","2019-05-16","30"
"xwavemakuhari","2","セミナーハウス　クロス・ウェーブ幕張","https://co-mit.jp/facility/xwavemakuhari/","JR京葉線「海浜幕張」駅から徒歩約3分。","https://co-mit.s-cross.net/images/2019/08/img_meal02-e1582167615461.jpg","研修施設:エグゼクティブ:ランドリー:専門スタッフ:新入社員:長期研修:駅近:モチベーションが上がる環境で研修したい:集中できる環境で研修したい:千葉県千葉市","千葉県千葉市","クロス・ウェーブ幕張は、JR東京駅から最寄駅まで約30分(快速)。幕張メッセからも近く、最大140名収容のホール、リフレッシュできる周辺環境も魅力です。
:null:null:null:null:null:幕張駅と幕張メッセから近く、海外や日本全国から集合する企業研修・会議に最適です！宿泊室はシモンズ製のゆとりあるセミダブルベッド。ご移動とご研修で疲れた体を癒しながら過ごすことができます！","2019-05-16","30"
"radissonnarita","2","ラディソン成田","https://co-mit.jp/facility/radissonnarita/","国際的なリゾート感覚溢れる雰囲気の中の、東京ドーム2.5倍の広大な敷地と緑の庭園に囲まれた490室のリゾートホテルです。","","ホテル:エグゼクティブ:オフサイトミーティング:プール:フィットネス:会場バリエーション豊富:会場天井３ｍ以上:大人数可:大浴場・温泉:山:新入社員:無料送迎あり:研修パックあり:長期研修:駐車場:いつもと違った環境で研修したい:インセンティブ旅行を兼ねて研修したい:千葉県富里市","千葉県富里市","広大な敷地面積に自然豊かな庭園が広がるリゾートホテル。JR東京駅からは高速バスで約1時間ほど、成田空港からは無料送迎バスで約20分とアクセスも良好です。テニスコート、スポーツジム、屋内/屋外（夏季）プールなどアクティビティも充実。:null:null:null:null:null:ミーティングルームから美しい庭園が一望。大小様々な会場に加えて温浴施設や雨でもガーデンパーティができます。国内にいながら海外のリゾートホテルのような雰囲気で研修参加者のテンションも上がります。","2019-05-07","30"
"nikkonarita","2","ホテル日航成田","https://co-mit.jp/facility/nikkonarita/","成田国際空港から約10分の好立地で、さまざまなご希望にお応えできるサービス体制を整えております。","","ホテル:エグゼクティブ:ゴルフ場隣接:プール:大人数可:山:無料送迎あり:窓付き会議室:駐車場:いつもと違った環境で研修したい:集中できる環境で研修したい:千葉県成田市","千葉県成田市","お客様に快適なホテルライフをお過ごし頂けるよう、まごころ込めサービスをご提供いたします。ホテル日航成田は、成田国際空港から約10分の好立地で、さまざまなご希望にお応えできるサービス体制、千葉県産の食材を活かしたお料理をご用意しております。様々な目的のある研修だからこそ、ご利用の用途に合った形でホテルならではのご提案をさせていただきます。:null:null:null:null:null:ロビーはエアポートホテルの雰囲気にスタイリッシュなインテリアが映えます。レストラン数が豊富で（ラウンジ含め計5か所）、一時保育が利用できるなど、利用者に心地よく過ごして欲しいという配慮が多く感じられます。","2019-05-07","30"
"sekia","2","ホテルセキア リゾート＆スパ","https://co-mit.jp/facility/sekia/","敷地内に福岡県と熊本県の県境がある小高い丘に建つリゾートホテル。","https://co-mit.s-cross.net/images/2019/08/img_service01.jpg","ホテル:アクティビティ:オフサイトミーティング:ゴルフ場隣接:チームビルディング:プール:フィットネス:ランドリー:リゾート:会場天井３ｍ以上:大浴場・温泉:山:新入社員:研修パックあり:長期研修:開発合宿:駐車場:インセンティブ旅行を兼ねて研修したい:モチベーションが上がる環境で研修したい:熊本県玉名郡","熊本県玉名郡","緑豊かな丘の上、南欧のリゾートホテルを思わせる佇まいが一際目を引く「ホテルセキア」。眼前に広がる緑の眺望がリゾート感覚溢れる別世界へと誘います。
洋室の会場やバイキング、イタリアン、和食の3つのレストラン、宴会場、ホテル以外にもグルメやアクティビティ・ボウリング、フィットネス、温泉、屋外プール（夏季限定）など家族みんなで楽しめます。近くにはゴルフコースもあり。:null:null:null:null:null:山麓の看板を確認してからホテルに着くまでの距離、なんと2キロ。曲がりくねった山道は異空間を超えるようなワクワク感があります。アクティビティが豊富で、プチ旅行気分を感じながらご研修できると思います。","2019-05-07","30"
"shinyokohamakokusai","2","新横浜国際ホテル","https://co-mit.jp/facility/shinyokohamakokusai/","新横浜駅より徒歩3分の便利なホテルです。","","ホテル:プール:フィットネス:新入社員:都内からのアクセス良い:駅近:駐車場:いつもと違った環境で研修したい:集中できる環境で研修したい:神奈川県横浜市","神奈川県横浜市","研修や会議、各種パーティーなど様々な用途に合わせてご利用することが可能です。
人数やご予算はもちろん、お料理や会場へのこだわり、その他さまざまなご要望をお申し付けください。また、シェフ自慢の料理の数々を会食や立食など宴席内容に併せてご提案いたします。:null:null:null:null:null:新幹線で全国から、また渋谷や横浜からもアクセス至便な駅前ホテル。周辺にはスタジアムやアリーナ、新横浜公園もありクリエイティブなアイデアが生まれそうな施設です。","2019-04-26","30"
"fukuraciaosakabay","2","ホテルフクラシア大阪ベイ","https://co-mit.jp/facility/fukuraciaosakabay/","年間3000社の実績 「研修」「宿泊」「運営」研修の全てをサポートする研修特化型ホテルです。","https://co-mit.s-cross.net/images/2019/08/img_meal03.jpg","ホテル:BBQ:エグゼクティブ:会場バリエーション豊富:会場天井３ｍ以上:声出し研修:大人数可:専門スタッフ:新入社員:無料送迎あり:長期研修:モチベーションが上がる環境で研修したい:集中できる環境で研修したい:大阪府大阪市","大阪府大阪市","大講堂や900㎡のホールから20㎡クラスの会場など 大中小合わせて35室会場があり、宿泊からお食事・懇親会までワンストップでご用意できます。専任のセミナーコンシェルジュが『お客様のビジネスパートナー』として、研修・会議を成功に導きサポートします。
大阪市内にありながら閑静な環境にあり、研修・会議に集中していただけます。:null:null:null:null:null:900㎡のホールや、同時通訳ブース付きの大講堂など35の会議室をもつ西日本最大級の研修特化型ホテルです。話題のベイエリアは研修に最適な環境です。","2019-04-26","30"
"fukuraciaharumi","2","ホテルフクラシア晴海","https://co-mit.jp/facility/fukuraciaharumi/","都心唯一の研修特化型ホテル。研修、宿泊、食事全てのサービスをオールインワンでご利用いただけます。","https://co-mit.s-cross.net/images/2019/08/img_stay08.jpg","ホテル:360°パノラマビュー:ランドリー:専門スタッフ:新入社員:無料送迎あり:研修パックあり:窓付き会議室:都内からのアクセス良い:長期研修:駅近:駐車場:モチベーションが上がる環境で研修したい:集中できる環境で研修したい:東京都中央区","東京都中央区","都心唯一の研修特化型ホテルとして多くのお客さまにご支持を頂いております。
全28会場を有し、様々な用途でご利用いただけます。お客様の大切な会議・研修は専属プランナーがお打ち合わせから実施までをフルサポート。年間3,000社以上の実績により蓄積されたノウハウで、会議・研修の成功を全力でお手伝い致します。:null:null:null:null:null:都心にある研修特化型ホテル。担当者だけでなく経験豊富な現場スタッフが研修の成功を徹底サポートしてくれます。","2019-04-26","30"
"heritage","2","ホテル・ヘリテイジ","https://co-mit.jp/facility/heritage/","武蔵丘陵の豊かな緑と、四季折々の花々に囲まれて、 心も体も健やかに生まれ変わるリゾートホテルです。","https://co-mit.s-cross.net/images/2019/08/img_meal04.jpg","ホテル:BBQ:アクティビティ:ゴルフ場隣接:リゾート:会場天井３ｍ以上:動画:大浴場・温泉:山:新入社員:窓付き会議室:長期研修:いつもと違った環境で研修したい:集中できる環境で研修したい: 埼玉県熊谷市"," 埼玉県熊谷市","都心から約１時間で都会の喧騒から、別世界の武蔵丘陵の森に包まれた多目的リゾート施設。研修センターをはじめ、天然温泉、ゴルフコース、テニスコート、多目的グランド、プール（夏季のみ）等施設も充実、近隣には、国営森林公園があり、企業研修～ファミリーの旅行までご利用頂ける施設です。:null:null:null:null:null:都心より1時間という近距離にありながら武蔵丘陵の広大な自然に包まれたシティリゾート。首都圏最大級の会場を持ち、リゾート型研修の先駆けとして、企業の研修など数多くの企業・団体の、様々なビジネスイベントを20年以上実績を残しております。","2019-04-26","30"
"ksp","2","ホテルKSP","https://co-mit.jp/facility/ksp/","日本最大級のサイエンスパーク内にあるホテル。閑静な環境で集中して研修に取り組めます。","https://co-mit.s-cross.net/images/2019/08/img_meal01-e1582167663229.jpg","ホテル:会場バリエーション豊富:新入社員:無料送迎あり:窓付き会議室:長期研修:モチベーションが上がる環境で研修したい:集中できる環境で研修したい:神奈川県川崎市","神奈川県川崎市","都内、横浜から30分の好立地。会議室のほか、宴会場での懇親会も可能です。
会議室は大中小あわせて11室、国際会議も可能な200名規模の会場も別途、併せ持っています。ご要望に合わせて様々なご提案ができますので、まずはお気軽にご相談ください。:null:null:null:null:null:溝の口駅から無料シャトルバスが高頻度で運転していたり、レストランは個室も用意してくれます。研修受け入れ実績の多い施設です。","2019-04-26","30"
"tamanagayama","2","多摩永山情報教育センター","https://co-mit.jp/facility/tamanagayama/","多摩永山情報教育センターは、東京多摩市の緑豊かで ホスピタリティに溢れた研修施設です。","","研修施設:ランドリー:会場バリエーション豊富:会場天井３ｍ以上:大人数可:新入社員:窓付き会議室:都内からのアクセス良い:長期研修:駅近:モチベーションが上がる環境で研修したい:集中できる環境で研修したい:東京都多摩市","東京都多摩市","多摩永山情報教育センターは、東京多摩市の緑豊かで ホスピタリティに溢れた研修施設です。 大小あわせて34室のセミナールームと、800名収容可能な多目的ホールなどを完備しています。豊富なレイアウトの教室、宿泊施設も完備しているので、少人数の研修・長期の研修にも対応可能です。 研修施設、文化交流の場としてぜひご活用ください。:null:null:null:null:null:使用料金が都心と比べると安価で、研修目的のお客様に多く利用されています。「研修専門」というとお堅いイメージがありますが、カフェや見晴らしのよいレストランもあり交流の場も充実しています！","2019-04-25","30"
"toshicenter","2","都市センターホテル","https://co-mit.jp/facility/toshicenter/","東京の中心「永田町」駅より徒歩4分の会議・宴会・宿泊・レストランを兼ね備えたホテルです。","","ホテル:エグゼクティブ:ランドリー:会場天井３ｍ以上:都内からのアクセス良い:長期研修:駅近:駐車場:モチベーションが上がる環境で研修したい:集中できる環境で研修したい:東京都千代田区","東京都千代田区","最寄り駅は、半蔵門線・南北線「永田町」の他、有楽町線「麹町」、銀座線・丸の内線等「赤坂見附」。都内での移動にアクセスの良い環境です。
「赤坂」「四谷」も徒歩圏内で、どこからでも抜群に便利なアクセス。:研修からパーティまで。
ホテルならではの充実の設備やお料理で記憶に残るひとときを。:null:null:null:null:都心ながら周辺はとても静かな環境にある施設。ホテルサービスがありながら会場は華美過ぎず、研修・会議利用に適した設えです。ホールもあり様々な用途に対応可能です！","2019-04-18","30"
<!DOCTYPE html>
<html lang="ja"><head prefix="og: http://ogp.me/ns# fb: http://ogp.me/ns/fb# article: http://ogp.me/ns/article#">
<meta name="robots" content="noindex,nofollow">
<link rel="preload" as="font" href="/common/fonts/icomoon.woff" >
<link rel="preload" as="font" href="/common/fonts/FjallaOne.woff2" >



<meta charset="utf-8">
<meta http-equiv="X-UA-Compatible" content="IE=edge">
<meta name="viewport" content="width=device-width, initial-scale=1.0, user-scalable=no">
<meta name="format-detection" content="telephone=no">

<meta name="thumbnail" content="https://co-mit.s-cross.net/co-mit_renew_201910/img/serp/" />

<title>お探しのページが見つかりませんでした ｜CO-MIT(コミット)企業研修・宿泊研修施設 </title>
<meta name="description" content="お気に入りの研修・合宿施設が見つかるかも？！CO-MIT（コミット）では新入社員研修やオフサイトミーティング・チームビルディングができる研修施設、ホテル、旅館、公共施設をご紹介。">


<link rel="icon" href="/img/favicon.ico" type="image/x-icon">










<link rel="stylesheet" href="/co-mit_renew_201910/css/style.css">

<meta name="twitter:card" content="summary_large_image">
<meta property="og:url" content="https://co-mit.jp/">
<meta property="og:image" content="https://co-mit.s-cross.net/co-mit_renew_201910/img/ogp.png">
<meta property="og:title" content="研修・合宿施設検索サイト「 CO-MIT（コミット）」">
<meta property="og:description" content="お気に入りの研修・合宿施設が見つかるかも？！CO-MIT（コミット）では新入社員研修やオフサイトミーティング・チームビルディングができる研修施設、ホテル、旅館、公共施設をご紹介。">


<!-- Google Tag Manager -->
<script>(function(w,d,s,l,i){w[l]=w[l]||[];w[l].push({'gtm.start':
new Date().getTime(),event:'gtm.js'});var f=d.getElementsByTagName(s)[0],
j=d.createElement(s),dl=l!='dataLayer'?'&l='+l:'';j.async=true;j.src=
'https://www.googletagmanager.com/gtm.js?id='+i+dl;f.parentNode.insertBefore(j,f);
})(window,document,'script','dataLayer','GTM-K8JCTJV');</script>
<!-- End Google Tag Manager -->

    <script>
        var ajaxurl = 'https://co-mit.s-cross.net/mng/wp-admin/admin-ajax.php';
    </script>

</head>
<body id="new-404">
<div class="l-body ">
	<header class="l-header">
		<div class="l-header__wrapper">
			<p class="header-logo"><a href="https://co-mit.s-cross.net/"><img src="/co-mit_renew_201910/img/logo_color.png" srcset="/co-mit_renew_201910/img/logo_color.png 1x, /co-mit_renew_201910/img/logo_color@2x.png 2x" alt="研修・合宿施設検索サイト | CO-MIT(コミット)"></a></p>
			<div class="sp-favorite">
		<p class="sp-favorite__btn js-favorite-sp-btn"><i class="icon-favorite"></i><span>検討リスト</span></p>
		<div class="sp-favorite__detail js-favorite-sp-detail">
		</div>
	</div>
			<a href="#" class="sp-menu-btn"><span>メニューを開く</span><span></span><span></span></a>
			<nav class="navi">
				<div class="navi__wrapper">
		<div class="navi__favorite">
						<div class="navi__favorite__btn">
			<a href="https://co-mit.s-cross.net/favorite/"><i class="icon-favorite"></i><span>検討リスト（1）</span></a>
			</div>
						<div class="navi__favorite__detail">
							<div class="navi__favorite__detail__inner">
								<p class="navi__favorite__title">検討中の施設<span>（まとめて問い合わせできます）</span></p>
																<ul class="navi__favorite__list">
																	<li><a href="https://co-mit.s-cross.net/facility/oursinnhankyu/" target="_blank">アワーズイン阪急</a></li>
																	</ul>
									<div class="navi__favorite__btn-2"><a href="https://co-mit.s-cross.net/favorite/" target="_blank">すべて見る</a></div>
															</div>
						</div>
					</div>
					<ul class="navi__main">
						<li class="navi__main__item"><a href="https://co-mit.s-cross.net/facility/">施設を探す</a></li>
												<li class="navi__main__item"><a href="https://co-mit.s-cross.net/consult/">専門家に相談する</a></li>
															<li class="navi__main__item side-only"><a href="https://co-mit.s-cross.net/offsite/">オフサイト研修のススメ</a></li>
						<li class="navi__main__item"><a href="https://co-mit.s-cross.net/column/">研修ノウハ<span>ウ・</span>コラム</a></li>
						<li class="navi__main__item"><a href="https://co-mit.s-cross.net/about/">CO-MITの強み</a></li>
						<li class="navi__main__item side-only navi__main__item--favorite"><a href="https://co-mit.s-cross.net/favorite/"><i class="icon-favorite"></i>検討リスト</a></li>
					</ul>
					<div class="navi_wrapper">
						<ul class="navi__sub">
							<li class="navi__sub__item"><a href="https://co-mit.s-cross.net/agreement/">利用規約</a></li>
							<li class="navi__sub__item"><a href="https://co-mit.s-cross.net/disclaimer/">免責事項</a></li>
							<li class="navi__sub__item"><a href="https://asno-sys.co.jp/privacy/" target="_blank">個人情報保護方針</a></li>
							<li class="navi__sub__item"><a href="https://asno-sys.co.jp/" target="_blank">運営会社</a></li>
						</ul>
						<ul class="navi__sns">
							<li class="navi__sns__item"><a href="https://www.facebook.com/kensyu.comit/" target="_blank"><img src="/co-mit_renew_201910/img/icon_facebook.png" alt="facebook"><span>「CO-MIT」Facebook公式アカウント</span></a></li>
						</ul>

            <ul class="navi__sns sns__icon-youtube-menu">
							<li class="navi__sns__item"><a href="https://www.youtube.com/channel/UChVGwQOstm2VFPvBZVng8VA" target="_blank"><img src="/co-mit_renew_201910/img/icon_youtube.jpg" alt="youtube"><span>「CO-MIT」YouTube公式アカウント</span></a></li>
            </ul>
					</div>
				</div>
			</nav>
		</div>
	</header>



<!-- ▼ breadcrumb ▼ -->
		<div class="breadcrumb"><ol class="l-wrapper breadcrumb__wraper"><li class="breadcrumb__item"><a href="https://co-mit.s-cross.net"><span>トップ</span></a></li><li class="breadcrumb__item"><span>お探しのページは見つかりませんでした。</span></li></ol></div><!-- ▲ breadcrumb ▲ -->





  <main>

  <div class="l-wrapper">
    <div class="not-found">
      <div class="not-found__inner">
        <p><img src="/co-mit_renew_201910/img/404.png" alt="404 Not Found"></p>
        <p class="not-found__lead">お探しのページが見つかりませんでした。</p>
        <p>お探しのページは移動もしくは削除された可能性があります。<br>お手数ですがトップページ、または下記のリンクよりお探しのページをお求めください。</p>
        <a href="/" class="button button--lg">TOPにもどる</a>
      </div>

      <div class="not-found__inner not-found__guide">
        <p class="sub-head">▼施設をお探しの方はこちら</p>
        <p><a href="/facility/">施設を探す</a><br class="sp-only"><a href="/consult/">専門家に相談する</a><br class="sp-only"><a href="/offsite/">オフサイト研修のススメ</a></p>
        <p class="sub-head">▼研修合宿のノウハウや、知っておきたい労務管理情報をお探しの方はこちら</p>
        <p><a href="/column/">研修ノウハウ・コラム</a></p>
      </div>

    </div>
  </div>

  
  </main>




	<footer class="l-footer">
		<a href="#" class="pagetop">PAGE TOP</a>
		<div class="l-wrapper">
									<div class="consultation">
				<div class="consultation__image">
					<img src="/co-mit_renew_201910/img/consultation-bg.jpg" alt="">
				</div>
				<div class="consultation__contents">
					<h2 class="consultation__heading"><i></i>施設探しでお悩みの方は、<br class="sp-only">お気軽にご相談ください</h2>
					<p class="consultation__text">ご担当者さまの負担を軽減し、本来の業務に専念できるよう、専門家に相談できるサービスもございます。<br class="sp-only">目的やご要望を伺い、施設のご提案から宿泊、研修会場まで手配いたしますので、お気軽にご相談ください。</p>
					<a href="https://co-mit.s-cross.net/consult/" class="button button--lg">専門家に相談する</a>
				</div>
			</div>
						<div class="l-pc-2col">
				<div class="l-pc-2col__ft-search-area">
					<p class="heading-3 heading-3--area">エリアから探す</p>
					<dl class="area-1">
						<dt class="area-1__head"><a href="/area/hokkaido_tohoku/">北海道・東北エリア</a></dt>
						<dd class="area-1__content">
							<ul class="area-1__detail">
								<li><a href="/area/hokkaido_tohoku/hokkaido/">北海道</a></li>
								<li><a href="/area/hokkaido_tohoku/iwate/">岩手県</a></li>
								<li><a href="/area/hokkaido_tohoku/miyagi/">宮城県</a></li>
							</ul>
						</dd>
					</dl>
					<dl class="area-1">
						<dt class="area-1__head"><a href="/area/hokuriku_koshinetsu/">北陸・甲信越エリア</a></dt>
						<dd class="area-1__content">
							<ul class="area-1__detail">
								<li><a href="/area/hokuriku_koshinetsu/niigata/">新潟県</a></li>
							</ul>
						</dd>
					</dl>
					<dl class="area-1">
						<dt class="area-1__head"><a href="/area/kanto/">関東エリア</a></dt>
						<dd class="area-1__content">
							<ul class="area-1__detail">
								<li><a href="/area/kanto/tokyo/">東京都</a></li>
								<li><a href="/area/kanto/kanagawa/">神奈川県</a></li>
								<li><a href="/area/kanto/chiba/">千葉県</a></li>
								<li><a href="/area/kanto/saitama/">埼玉県</a></li>
								<li><a href="/area/kanto/ibaraki/">茨城県</a></li>
								<li><a href="/area/kanto/tochigi/">栃木県</a></li>
							</ul>
						</dd>
					</dl>
					<dl class="area-1">
						<dt class="area-1__head"><a href="/area/chubu_tokai/">中部・東海エリア</a></dt>
						<dd class="area-1__content">
							<ul class="area-1__detail">
								<li><a href="/area/chubu_tokai/shizuoka/">静岡県</a></li>
								<li><a href="/area/chubu_tokai/nagano/">長野県</a></li>
								<li><a href="/area/chubu_tokai/aichi/">愛知県</a></li>
							</ul>
						</dd>
					</dl>

					<dl class="area-1">
						<dt class="area-1__head"><a href="/area/kansai/">関西エリア</a></dt>
						<dd class="area-1__content">
							<ul class="area-1__detail">
								<li><a href="/area/kansai/osaka/">大阪府</a></li>
								<li><a href="/area/kansai/kyoto/">京都府</a></li>
								<li><a href="/area/kansai/hyogo/">兵庫県</a></li>
								<li><a href="/area/kansai/shiga/">滋賀県</a></li>
							</ul>
						</dd>
					</dl>
					<dl class="area-1">
						<dt class="area-1__head"><a href="/area/chugoku_shikoku/">中国・四国エリア</a></dt>
						<dd class="area-1__content">
							<ul class="area-1__detail">
								<li><a href="/area/chugoku_shikoku/hiroshima/">広島県</a></li>
								<li><a href="/area/chugoku_shikoku/ehime/">愛媛県</a></li>
							</ul>
						</dd>
					</dl>
					<dl class="area-1">
						<dt class="area-1__head"><a href="/area/kyushu_okinawa/">九州・沖縄エリア</a></dt>
						<dd class="area-1__content">
							<ul class="area-1__detail">
								<li><a href="/area/kyushu_okinawa/fukuoka/">福岡県</a></li>
								<li><a href="/area/kyushu_okinawa/kumamoto/">熊本県</a></li>
								<li><a href="/area/kyushu_okinawa/kagoshima/">鹿児島県</a></li>
								<li><a href="/area/kyushu_okinawa/okinawa/">沖縄県</a></li>
							</ul>
						</dd>
					</dl>
				</div>
				<div class="l-pc-2col__ft-search-purpose">
					<p class="heading-3 heading-3--purpose">目的から探す</p>
					<ul class="purpose-1">
						<li class="purpose-1__item">
							<a href="/purpose/concent/">集中できる環境で研修したい</a>
							<span>新入社員研修・資格取得トレーニング・技術講座</span>
						</li>
						<li class="purpose-1__item">
							<a href="/purpose/motivate/">モチベーションが上がる環境で研修したい</a>
							<span>マネジメント研修・コーチング研修・役員研修</span>
						</li>
						<li class="purpose-1__item">
							<a href="/purpose/environment/">いつもと違った環境で研修したい</a>
							<span>プロジェクトミーティング・ビジョンメイキング合宿・開発合宿</span>
						</li>
						<li class="purpose-1__item">
							<a href="/purpose/incentive/">インセンティブ旅行を兼ねて研修したい</a>
							<span>オフサイトミーティング・チームビルディング・ワーケーション　など</span>
						</li>
					</ul>
				</div>
			</div>
		</div>
		<div class="footer">
			<p class="footer-logo"><a href="https://co-mit.s-cross.net/" class="footer-logo__image"><img src="/co-mit_renew_201910/img/logo_white.png" srcset="/co-mit_renew_201910/img/logo_white.png 1x, /co-mit_renew_201910/img/logo_white@2x.png 2x" alt="CO-MIT"></a><span><a href="https://co-mit.s-cross.net/">研修・合宿施設検索サイト | CO-MIT(コミット)</a></span></p>
			<ul class="footer-navi">
				<li class="footer-navi__item"><a href="https://co-mit.s-cross.net/about/">CO-MITの強み</a></li>
				<li class="footer-navi__item"><a href="https://co-mit.s-cross.net/facility/">施設を探す</a></li>
							<li class="footer-navi__item"><a href="https://co-mit.s-cross.net/consult/">専門家に相談する</a></li>
							<li class="footer-navi__item"><a href="https://co-mit.s-cross.net/events/">イベントに参加する</a></li>
				<li class="footer-navi__item"><a href="https://co-mit.s-cross.net/offsite/">オフサイト研修のススメ</a></li>
				<li class="footer-navi__item"><a href="https://co-mit.s-cross.net/column/">研修ノウハウ・コラム</a></li>
				<li class="footer-navi__item"><a href="https://co-mit.s-cross.net/contact/">掲載に関するお問い合わせ</a></li>
			</ul>
			<ul class="footer-navi footer-navi--sm">
				<li class="footer-navi__item"><a href="https://co-mit.s-cross.net/agreement/">利用規約</a></li>
				<li class="footer-navi__item"><a href="https://co-mit.s-cross.net/disclaimer/">免責事項</a></li>
				<li class="footer-navi__item"><a href="https://asno-sys.co.jp/privacy/" target="_blank">個人情報保護方針</a></li>
				<li class="footer-navi__item"><a href="https://asno-sys.co.jp/" target="_blank">運営会社</a></li>
			</ul>
			<div class="l-wrapper">
				<ul class="banners">
					<li class="banners__item"><a href="https://www.kaigishitu.com/" target="_blank"><img src="/co-mit_renew_201910/img/bnr_kaigishitsu.png" alt="会議室.com"></a></li>
					<li class="banners__item"><a href="https://www.kaigishitu.com/meeting-hacks/" target="_blank"><img src="/co-mit_renew_201910/img/bnr_kaigihack.png" alt="会議HACK"></a></li>
					<li class="banners__item"><a href="https://www.rental-o.com/" target="_blank"><img src="/co-mit_renew_201910/img/bnr_rentaloffice.png" alt="レンタルオフィス.com"></a></li>
					<li class="banners__item"><a href="https://hospitality-agent.co.jp/" target="_blank"><img src="/co-mit_renew_201910/img/bnr_ha.png" alt="hospitality agent"></a></li>
				</ul>
				<ul class="sns">
					<li class="sns__item"><a href="https://www.facebook.com/kensyu.comit/" target="_blank"><img src="/co-mit_renew_201910/img/icon_facebook.png" alt="facebook"><span>「CO-MIT」Facebook公式アカウント</span></a></li>

          <li class="sns__item sns__icon-youtube"><a href="https://www.youtube.com/channel/UChVGwQOstm2VFPvBZVng8VA" target="_blank"><img src="/co-mit_renew_201910/img/icon_youtube.jpg" alt="youtube"><span>「CO-MIT」YouTube公式アカウント</span></a></li>
				</ul>


			</div>
		</div>
		<p class="copyright">Copyright (C) ASNO SYSTEM All Rights Reserved.</p>
	</footer>
</div>


<script src="/co-mit_renew_201910/js/jquery-2.2.4.min.js"></script>
<script src="/co-mit_renew_201910/js/js.cookie.min.js"></script>


<script>
(function ($) {
$(function(){
	$('form#search-form input, form#search-form select').change(function(e) {
    console.log(this)
		var getParamStr = '/?' + $('form#search-form').serialize();
		console.log(getParamStr);
		$.ajax({
			url: getParamStr,    // 表示させたいコンテンツがあるページURL
		        cache: false,
	        	datatype: 'html',
		        success: function(html) {
				var h = $(html).find('#facility-search-result-count').text();    // 表示させたいコンテンツの要素を指定
				if(h == '') {
					$('#count_wrap').text('');
					$('#hit_count').prop('disabled', true).addClass('js-disabled');